k,partition_id,effective_diff,soft_effective_diff,distinct_kmers,w_sig,w_err,p_err,sigma,sigma_rare,mu,mu_rare,cutoff,boundary_uncertainty,n_signal_components,contamination_proxy,coverage_heterogeneity,node_retention,error_mass,species_resolution,cutoff_sharpness,is_selected
21,0,1923,1923.71493446336,14875.0,0.1293253885127127,0.8706746114872873,0.9333460739482365,12.83937491347314,5.584115381138591,71.37058826979272,18.54653015397428,4,0.03009911278267784,2,0.06642016806722689,3.8481908840775225,0.11896667539445151,0.8102356488714978,2.235241627580167,0.9703493547575934,False
23,0,1919,1920.0620537595128,15830.0,0.12129262797889762,0.8787073720211024,0.9351306342308566,12.628570171776394,5.3995022324360615,69.15939054988584,18.01818897747174,4,0.02938089447158475,2,0.06475047378395452,3.8383097566773374,0.11149473923033447,0.8108333800932381,2.217189660717612,0.9710465277635781,False
25,0,1915,1916.1518765788016,16744.0,0.11443813259576852,0.8855618674042315,0.9367934954517664,12.499983676177493,5.169846149225243,66.91656836016587,17.463816956300544,4,0.028094484283157514,2,0.05936454849498328,3.831726393354341,0.10512768910669404,0.8121473937152212,2.1912141926486663,0.9722964957237138,False
27,0,1911,1912.3315767836468,17607.0,0.10861201883588345,0.8913879811641165,0.9381940108089925,12.299475425622326,4.978276423921121,64.78647379100302,16.943195501574515,4,0.0274817847390689,2,0.05617084114272732,3.823745868067359,0.09972213931477149,0.8129904316869878,2.1725306249627465,0.9728924038810488,False
29,0,1906,1907.7425082754125,18419.0,0.10357472407412882,0.8964252759258712,0.9394899882358203,12.123564488421273,4.75524023233775,62.67501649277767,16.431686674066498,4,0.025625094930256432,2,0.05228296867365221,3.8142777266861625,0.09505301406931699,0.8139568528912101,2.154846441868768,0.9747004412552857,False
31,0,1902,1903.1216065081849,19177.0,0.09923980881804217,0.9007601911819578,0.9405930999793674,11.88271424087657,4.5612727479717305,60.65435751195388,15.952476592285038,4,0.02475210940531829,2,0.05136361266100015,3.8021906605578497,0.09103884840623717,0.8143051396606708,2.1448948694938315,0.9755517121511742,False
33,0,1898,1898.319775642341,19902.0,0.09538338086706954,0.9046166191329305,0.9415664950463145,11.583475029068099,4.4135025480364165,58.720455319970775,15.499544452424034,4,0.024968307957951696,2,0.0482363581549593,3.788527817718362,0.0874704998360707,0.8150737232333621,2.1394725873561757,0.9753408220808736,False
35,0,1894,1894.037158635806,20593.0,0.09197482037103966,0.9080251796289603,0.9427044480067563,11.278342188672633,4.3052634422452325,56.83192914288028,15.0533569994126,4,0.026416616484085127,2,0.044044092652843196,3.7753657968184724,0.08431846104624986,0.8160808414358202,2.1303346627931274,0.9739292500949815,False
37,0,1890,1890.0894343431637,21238.0,0.08899565479203064,0.9110043452079694,0.9441330170345462,10.977340448770262,4.212188967556566,54.99640640732118,14.62241991912845,4,0.028433018023300446,2,0.0440719465109709,3.7611015626337703,0.08156500010111699,0.8162891201981701,2.120134822173888,0.9719673962632672,False
39,0,1886,1886.7110292327884,21835.0,0.08640767321911824,0.9135923267808818,0.9454627731201114,10.68720858549541,4.117069873540462,53.20282376448793,14.195320927254905,4,0.030047786943799983,2,0.04011907487978017,3.747912712726271,0.07917410602783849,0.8172790155051061,2.1090780946606453,0.9703991600303687,False
41,0,1882,1883.9095192841971,22389.0,0.08414444237859442,0.9158555576214056,0.9471606986908191,10.430974297458807,4.017463537631232,51.436335092164896,13.759864820154222,4,0.03142395141781405,2,0.0408236187413462,3.7381424719249816,0.07708398709002963,0.8173911437868767,2.0927371810730757,0.9690646496442248,False
43,0,1878,1880.8137739327058,22912.0,0.08208860667153839,0.9179113933284616,0.9489183529902617,10.181977852507822,3.920482692557089,49.697969426409806,13.334177520510043,4,0.03349179226854192,2,0.037971368715083796,3.727111728486184,0.07518623623578698,0.8182250131578187,2.075501647702415,0.9670628485909933,False
45,0,1874,1877.754384541724,23383.0,0.08030428780997112,0.9196957121900289,0.9505274482231529,9.916099991423128,3.8250637675313217,48.033172480292194,12.925905960693745,4,0.035255226233376694,2,0.03866056536800239,3.716039140804194,0.07353966235246961,0.8183254731323043,2.0625972972226947,0.9653589998715476,False
47,0,1870,1874.89209117074,23802.0,0.078770381748685,0.921229618251315,0.9518589391392004,9.624424075434218,3.7397692589777844,46.41387487369176,12.528033194109232,4,0.036157302951683463,2,0.036551550289891606,3.704801396560466,0.07212454957725811,0.8189467375749548,2.05320265966114,0.9644885646516548,False
49,0,1866,1872.3050217525497,24169.0,0.07746723143031042,0.9225327685696896,0.9532580938261009,9.345397212715744,3.667662124852372,44.846591387320814,12.13724531454943,4,0.03766908619476429,2,0.032976126442964125,3.6949563286457847,0.07092252528485792,0.8198740041468277,2.040818409575956,0.9630315686100673,False
51,0,1862,1869.698885991384,24492.0,0.07633918052672606,0.9236608194732739,0.9546771924193359,9.118954910930476,3.5962589237888487,43.299733803833796,11.747331083908627,4,0.04008501150680763,2,0.03388861669116446,3.6859209546877696,0.06988222335979757,0.8198996318511451,2.0196865407470375,0.9607077644660693,False
53,0,1858,1867.528765816045,24781.0,0.0753613272796555,0.9246386727203445,0.9562980467587565,8.892687857618919,3.535912398377013,41.80629079119924,11.366121660597654,4,0.044279613736133226,2,0.0311528993987329,3.678149155848555,0.06898046288468879,0.820690804600162,1.9976376940170353,0.9566864174073719,False
55,0,1854,1866.0101106369325,25035.0,0.07453607098941284,0.9254639290105872,0.9579744732996014,8.656782259531308,3.5027322954016564,40.373535539196375,11.00297101448457,4,0.04950257444097087,2,0.032035150788895544,3.6693303550511676,0.0682193283626694,0.8207590479504173,1.9748333942679364,0.9517027080308647,False
57,0,1895,1863.8275772913676,25256.0,0.07379744139103062,0.9262025586089694,0.9594854274066618,8.41403595558838,3.4848045065864115,38.98839055315015,10.655073205889089,3,0.0035755578427197426,2,0.029577130186886284,3.6591386844344864,0.06754931945344383,0.8214779000446114,1.9522486565797126,0.9964308268523412,True
59,0,1889,1860.4938103739805,25431.0,0.07315852119903499,0.926841478800965,0.9606860390528221,8.20760263610946,3.4592780811317096,37.6190397324764,10.321183876831562,3,0.004119731098347366,2,0.030631905941567377,3.6448376641095988,0.06695988549205982,0.821440158930533,1.92582493625386,0.9958887433523338,False
61,0,1884,1856.5218126595782,25571.0,0.07260265130873889,0.9273973486912611,0.9618043961574946,7.981355092994219,3.43623683938767,36.3206908906486,10.008632678204282,3,0.004731259751317134,2,0.03175472214618122,3.6289363450957564,0.06644744978147862,0.82137621373528,1.9051192727245152,0.99527991502756,False
63,0,1880,1851.6273328391853,25672.0,0.07212636022357355,0.9278736397764265,0.962892368536721,7.768193671437101,3.4138987639196148,35.04991750717273,9.706166818148464,3,0.005464021435773198,2,0.028085073231536303,3.6110977859598345,0.06600884571209735,0.8222784460620658,1.8829109307534062,0.9945508791779083,False
65,0,1875,1850.3366008454923,25733.0,0.07190522150178125,0.9280947784982188,0.9643047672796115,7.519640552830053,3.4014594489260577,33.83701698406112,9.390210491688967,3,0.006271738182846535,2,0.029650643143045895,3.6034354090368255,0.06580425198961166,0.8221665965033542,1.8636322797022027,0.9937478881153007,False
67,0,1867,1848.4297450677004,25757.0,0.07176418922758176,0.9282358107724182,0.9659368063410645,7.24246346926094,3.3618499100517054,32.67434134861818,9.088265243523665,3,0.006874000476303525,2,0.026750009706099313,3.5952231226858227,0.06567291071795994,0.8229925110661503,1.8559595535155191,0.9931495714229631,False
69,1,1859,1847.385120442761,25756.0,0.07172640902992855,0.9282735909700714,0.9677304923718022,6.982817448202199,3.319099056958236,31.512245821479898,8.772748091259318,3,0.007555907324068399,2,0.028032303152663456,3.592060947569777,0.06563649582148466,0.8229918906189643,1.8434881817510778,0.992472566782639,True
71,1,1851,1841.8245348125897,25725.0,0.07159668846604272,0.9284033115339573,0.9691306867284485,6.797631312272892,3.2518998654286335,30.30769359992297,8.465992186231825,3,0.008298745192585777,2,0.0291156462585034,3.5799340388256122,0.06551644593889493,0.8229740040442318,1.8213224913223143,0.9917355943359778,False
73,1,1840,1834.002375130821,25657.0,0.07148156172358189,0.9285184382764181,0.9704237412255399,6.664930204393155,3.1831184935780663,29.09607745645718,8.168000262148803,3,0.009050091310680278,2,0.025139338192306192,3.5622032961104124,0.06540967930506125,0.8239693770665719,1.7897058205852927,0.9909907375046824,False
75,1,1826,1825.2614180779153,25562.0,0.07140527242664607,0.9285947275733539,0.9716631678189493,6.537629072487537,3.126045985205128,27.87475453652129,7.874959467482924,3,0.009851302615074033,2,0.02601517878100305,3.539669588347851,0.06533818561541242,0.8239694704682726,1.75404896428882,0.990197062516388,False
77,1,1814,1817.036415113369,25441.0,0.07142159438206652,0.9285784056179335,0.9729236783815273,6.377532358046284,3.0874831871263644,26.70845766352892,7.591282323167836,3,0.010974992813371687,2,0.022955072520734247,3.518306463457086,0.06535232415517966,0.8247745841837747,1.7222251798790222,0.9890850126996084,False
79,2,1795,1802.2118577683486,25293.0,0.07125340214039055,0.9287465978596094,0.9739101482473929,6.259951636004822,3.028162553059396,25.562544281675795,7.350885844475102,3,0.011690716958797667,2,0.023761515043687977,3.4774780648904384,0.06519642936925162,0.8247516495630093,1.6915263175620512,0.9883773539485765,False
81,2,1772,1783.847119886582,25112.0,0.07103566781818471,0.9289643321818153,0.9746788004425339,6.101956171828653,2.992386686085115,24.50481994080542,7.161857789865265,3,0.012296373775161048,2,0.02413188913666773,3.4215730973438423,0.06499479413709036,0.8247862312629802,1.672042597889749,0.9877789177088054,False
83,2,1748,1764.9061383648793,24897.0,0.07088833247607873,0.9291116675239213,0.9754734100097409,5.922220431500032,2.947995144122893,23.479055041405093,6.981697736684811,3,0.012777589714104778,2,0.02132787082781058,3.3629435027008037,0.0648578797645471,0.8254727586878325,1.6591354406110086,0.9873036971004875,False
85,2,1723,1746.0135789521596,24647.0,0.07084084477916974,0.9291591552208303,0.9763346276879705,5.731054217964644,2.887588001311445,22.46805521087756,6.792559694686019,3,0.013144778942895292,2,0.021584777051973873,3.30774497697162,0.06481263795601087,0.8255434826337491,1.649573273031518,0.9869412363672782,False
87,2,1699,1727.722736376572,24363.0,0.07091587727760618,0.9290841227223938,0.9771559409462977,5.5616432485702045,2.8344551047860573,21.449588901336888,6.6006023748553595,3,0.013713612829277348,2,0.021836391249025162,3.249641121096454,0.06488027279535295,0.8256093864321846,1.632695129324601,0.9863799903911632,False
89,2,1674,1707.9313829568746,24051.0,0.0710129451834215,0.9289870548165785,0.9778753348892762,5.379955170211207,2.7775229187110306,20.43673129582643,6.404446275007702,3,0.014387534367174949,2,0.019916011808240822,3.1910223645059546,0.06496827089041583,0.8261050165037797,1.6172003809366367,0.9857154716129962,False
91,2,1650,1688.862332636038,23701.0,0.07125705049391184,0.9287429495060882,0.9787402245079606,5.14421460485054,2.7070084246969968,19.52456466098095,6.229312886355188,3,0.014793918081896293,2,0.02037888696679465,3.134304700563035,0.06519168584372168,0.8261335926127086,1.620836607577951,0.9853149742812923,False
93,2,1624,1666.6862312934925,23322.0,0.07146417395611748,0.9285358260438825,0.9795707796707206,4.878889018640669,2.635804464441805,18.69315334518014,6.0827641389314255,3,0.015018087127897246,2,0.020538547294400137,3.0731346667773334,0.0653812689293613,0.8262191597185484,1.6381619157254825,0.9850941219185538,False
95,2,1598,1645.276300462513,22913.0,0.07180541851042188,0.9281945814895781,0.9804126968242316,4.674304698657742,2.5722318867301004,17.836323169028265,5.925249987048839,3,0.015449079199138162,2,0.01684633177672064,3.0102228949013368,0.06569411649114629,0.8270959096885873,1.638109556936955,0.9846696456421064,True
97,2,1572,1622.006683853781,22479.0,0.07215646827705002,0.92784353172295,0.9811069565939443,4.43941000787772,2.5048353931965726,17.057460442186287,5.785303046789392,3,0.015840031598706113,2,0.01739401218915432,2.9484126076424784,0.0660165441113966,0.827082261801107,1.6232369568068703,0.9842847619218701,False
99,2,1543,1595.1887669031685,22021.0,0.07243951069694066,0.9275604893030593,0.981609929339613,4.2718919025892275,2.4154678566090158,16.251114902427393,5.635727036163748,3,0.01614166661485182,2,0.01780118977339812,2.8835880088134225,0.06627620682805825,0.8270701535475959,1.5873807692612563,0.9839879119442404,False
101,2,1514,1569.9427948223522,21532.0,0.07291216851253945,0.9270878314874605,0.9819334175318939,4.1622604989682745,2.2818320392372313,15.36613732895726,5.41466588835905,3,0.016685995969359414,2,0.01839123165521085,2.8378735910544,0.06671012734120084,0.8269949905537677,1.5442779316591684,0.983452444187919,False
103,2,1488,1549.9453264924841,21016.0,0.07375083671203275,0.9262491632879672,0.9825562064998618,4.0687292706180385,2.130337406850598,14.473197637844203,5.155132693033312,3,0.017428269756792965,2,0.012942519984773505,2.807531541797828,0.06748046595784213,0.8282029937864506,1.5031397348150726,0.9827227240769706,False
105,2,1462,1529.9868262631749,20456.0,0.07479418817042438,0.9252058118295756,0.983148053401157,3.956487595388482,2.0133126287380994,13.691473123150908,4.937016455954567,3,0.018321373023491794,2,0.01393234258897145,2.7732281723787926,0.06843925075208561,0.8280833790604648,1.4664569788045447,0.9818454430114434,False
107,3,1782,4259.279746294997,19864.0,0.21443310533316395,0.785566894666836,0.9828424132384416,5.197062506430378,0.31622776601683794,8.644550940673131,1.0070189783630177,2,0.42293370339985925,2,0.0078030608135320175,5.0,0.19653195090000075,0.8293026873262843,0.831176687559988,0.6551220640376519,False
109,3,1742,4168.8114030614715,19243.0,0.21664949977782721,0.7833505002221728,0.982569359038339,4.921595183158867,0.31622776601683794,8.264823884557751,1.0070053327614126,2,0.4259849806312133,2,0.008678480486410643,5.0,0.19858007645662012,0.8290832345154578,0.8313931841415014,0.6531261515895443,False
111,3,1696,4059.7998883612777,18587.0,0.218431745668895,0.781568254331105,0.9822724529348431,4.655385749037215,0.31622776601683794,7.923601796599321,1.0070130894063445,2,0.42853807180011355,2,0.009146177435842255,5.0,0.2002258761971621,0.8289445209884199,0.8347294851098619,0.6514607877971471,False
113,3,1648,3941.7606474446184,17909.0,0.22010829273590016,0.7798917072640998,0.9818696926180128,4.3920990074245045,0.31622776601683794,7.593054504269251,1.007027538703228,2,0.43098491695667485,2,0.00949243397174605,5.0,0.20177837059675244,0.8288157713027584,0.8392823035027053,0.6498687126987772,False
115,3,1594,3839.7892868539893,17211.0,0.22311100520844418,0.7768889947915558,0.9822636510765941,4.1229118168101175,0.31622776601683794,7.238897211707219,1.0070644041789034,2,0.43476703519131277,2,0.00958689210388705,5.0,0.20454113083648007,0.8288524265208724,0.8423026067211948,0.6474154745331033,True
117,3,1539,3739.746837839105,16477.0,0.22697666749800882,0.7730233325019912,0.9827195865135323,3.875437548550168,0.31622776601683794,6.889462185965908,1.0070864065763534,2,0.43946570628584813,2,0.010074649511440189,5.0,0.20810129976623773,0.8288167996019812,0.8420101226493546,0.6443806176374505,False
119,3,1484,3641.577261184485,15720.0,0.2316630710656733,0.7683369289343267,0.98316102208813,3.6489254485271228,0.31622776601683794,6.5352136891263,1.007099595843935,2,0.44529948810806635,2,0.01094147582697201,5.0,0.21241613553655506,0.8287009503614916,0.8365042761271008,0.6406323855181847,False
121,3,1430,3515.1519170183287,14946.0,0.23520005718863413,0.7647999428113659,0.9827719179064347,3.415771063237791,0.31622776601683794,6.207824234520538,1.0071197984264013,2,0.4498083849768634,2,0.01144118827780008,5.0,0.21568524917891768,0.8285427166932187,0.8361261533818736,0.6377503424612253,False
123,3,1366,3412.9080046543586,14151.0,0.24118729433551522,0.7588127056644848,0.9838728843812081,3.1887301383029127,0.31622776601683794,5.852719571068794,1.0071384957528104,2,0.45649875410651786,2,0.012437283584198997,5.0,0.22119368771861425,0.8284939087529294,0.8294957871278819,0.6334977986638132,False
125,4,1303,1123.5677697247183,13330.0,0.08428874173600587,0.9157112582639941,0.9834038777027359,1.434471563607084,2.4955880826006576,3.9435171581441715,7.995711538631318,2,0.026820566900175428,2,0.014478619654913729,0.4932040305720197,0.07731307807391044,0.8280072962832037,0.508531236800641,0.9735359104193746,False
127,4,1241,1069.2771355827379,12485.0,0.08564504611219736,0.9143549538878026,0.9830628694802912,1.3397745155930707,2.2653593567884265,3.805447105025876,7.5296826851010525,2,0.027745535976383084,2,0.01593912695234281,0.5053927587885869,0.07856901373923449,0.8276586806073906,0.52208912033004,0.9726358361422682,True
129,4,1175,1007.3834550697972,11613.0,0.08674634757022237,0.9132536524297776,0.9821592257512721,1.3265703230745867,2.098897456643739,3.76911471476199,7.035671310051438,2,0.029571618788900297,2,0.017394299491948678,0.5357150083713098,0.07959227095867812,0.8272316316687618,0.5108624560095218,0.9708613432376463,False
131,4,1112,935.9334185586789,10714.0,0.08735288103818528,0.9126471189618147,0.9798971213596954,1.2516105071145427,1.9822404964043856,3.6341401584749367,6.313315735523564,2,0.03160144206426671,2,0.018667164457718873,0.5756309854782761,0.08017109682536523,0.8266490434072704,0.47689766755178087,0.9688926649963897,False
133,4,1044,873.4744213470345,9797.0,0.08915613910005704,0.910843860899943,0.9785796359294441,1.1438470142912338,1.8155080676763535,3.4023564257468144,5.720085998127348,2,0.035295478935518654,2,0.0209247728896601,0.594808614216759,0.08184500260928147,0.825998958336119,0.4658464466230346,0.9653201423453311,False
135,5,968,796.952196556716,8866.0,0.08988717503924093,0.9101128249607591,0.9762928274321928,1.0257667007889693,1.6590508467837315,3.166731808134702,5.311515094464976,2,0.03997582177781011,2,0.02357320099255583,0.5962012254158309,0.08253611265319456,0.8251311648768874,0.47627889963646663,0.9608126696136953,True
